<?xml version="1.0" encoding="UTF-8"?>
<beans xmlns="http://www.springframework.org/schema/beans"
	xmlns:xsi="http://www.w3.org/2001/XMLSchema-instance"
	xmlns:context="http://www.springframework.org/schema/context"
	xmlns:mybatis-spring="http://mybatis.org/schema/mybatis-spring"
	xmlns:tx="http://www.springframework.org/schema/tx"
	xmlns:aop="http://www.springframework.org/schema/aop"
	xsi:schemaLocation="http://mybatis.org/schema/mybatis-spring http://mybatis.org/schema/mybatis-spring-1.2.xsd
		http://www.springframework.org/schema/beans https://www.springframework.org/schema/beans/spring-beans.xsd
		http://www.springframework.org/schema/context http://www.springframework.org/schema/context/spring-context-4.3.xsd
		http://www.springframework.org/schema/aop http://www.springframework.org/schema/aop/spring-aop-4.3.xsd
		http://www.springframework.org/schema/tx http://www.springframework.org/schema/tx/spring-tx-4.3.xsd">
	
	<!-- Root Context: defines shared resources visible to all other web components -->
	
	
	<bean id = "Hikari" class = "com.zaxxer.hikari.HikariConfig">
	<property name = "jdbcUrl" value = "jdbc:oracle:thin:@106.243.194.229:9999:xe"></property>
	<property name = "driverClassName" value= "oracle.jdbc.OracleDriver"></property>
	<property name = "username" value ="KMJ"></property>
	<property name = "password" value = "1234"></property>
	</bean>
	
	<bean id = "ds" class = "com.zaxxer.hikari.HikariDataSource" destroy-method="close">
	<constructor-arg ref = "Hikari" ></constructor-arg>
	</bean>
	
	<bean id = "mbSessionFactory" class = "org.mybatis.spring.SqlSessionFactoryBean">
	<property name ="dataSource" ref = "ds"></property>
	</bean>
	
	<bean id = "dbSession" class = "org.mybatis.spring.SqlSessionTemplate">
	<constructor-arg name = "sqlSessionFactory" ref= "mbSessionFactory"></constructor-arg>
	</bean>
	
	<bean id = "transactionManager" class = "org.springframework.jdbc.datasource.DataSourceTransactionManager">
	<property name = "dataSource" ref = "ds"></property>
	</bean>
	
	<bean id="javaMail" class = "org.springframework.mail.javamail.JavaMailSenderImpl">
	<property name="host" value= "smtp.naver.com"></property>
	<property name="port" value= "465"></property>
	<property name="username" value= "alswlsms555"></property>
	<property name="password" value= "alszx1675914"></property>
	<property name="defaultEncoding" value= "utf-8"></property>
	<property name="javaMailProperties">
	      <props>
	          <prop key="mail.debug">true</prop>
	          <!--  <prop key="mail.smtp.starttls.enable">true</prop> -->
	          <prop key="mail.smtp.ssl.checkserveridentity">true</prop>
	          <prop key="mail.smtp.auth">true</prop>
	          <prop key="mail.smtps.ssl.trust">*</prop>
	          <prop key="mail.smtp.socketFactory.class">javax.net.ssl.SSLSocketFactory</prop>
	      </props>
	      </property>
	      
	</bean>
	
	<tx:annotation-driven ></tx:annotation-driven>
	<!--  <aop:aspectj-autoproxy></aop:aspectj-autoproxy>-->
	
	<mybatis-spring:scan base-package="one.database.mapper" />

		
	
</beans>
