<?xml version="1.0" encoding="UTF-8"?>

<!DOCTYPE mapper
    PUBLIC "-//mybatis.org//DTD Mapper 3.0//EN"
    "http://mybatis.org/dtd/mybatis-3-mapper.dtd">
    
    <mapper namespace = "one.database.mapper.MybatisInterface">
    
    <select id = "isUserId" resultType= "int" parameterType = "one.user.bean.AccessInfo">
    SELECT  COUNT(*) FROM MS WHERE MS_USERID = #{uCode}
    </select>
    
    <select id = "isAccessInfo" resultType = "string"  parameterType = "one.user.bean.AccessInfo" >
    SELECT MS_USERPASS FROM MS WHERE MS_USERID = #{uCode}
    </select>
    
    <select id = "teamInfo" resultType = "one.user.bean.AccessInfo"  parameterType = "one.user.bean.AccessInfo" >
    SELECT * FROM TEAMLISTVIEW WHERE MBID = #{uCode}
    </select>
    
     <select id = "isAccess" resultType = "int"  parameterType = "one.user.bean.AccessInfo" >
    SELECT COALESCE(SUM(AH_METHOD),0) FROM AH WHERE AH_MBID = #{uCode}
    </select>
    
    
     <insert id = "forceLogOut" parameterType = "one.user.bean.AccessInfo" >
    INSERT INTO AH (AH_MBID,AH_DATE,AH_METHOD,AH_PUBLICIP,AH_PRIVATEIP,AH_BROWSER)
     SELECT AH_MBID, SYSDATE, -1, AH_PUBLICIP, AH_PRIVATEIP, AH_BROWSER FROM AH
     WHERE AH_DATE = (SELECT MAX(AH_DATE) FROM AH WHERE AH_MBID = #{uCode})AND AH_METHOD = 1
     </insert> 
    
    
    <select id = "isCurrentAccess" resultType = "int" parameterType = "one.user.bean.AccessInfo" >
     SELECT SUM(AH_METHOD) FROM AH
     WHERE AH_MBID = #{uCode} AND AH_PUBLICIP = #{publicIp} AND AH_PRIVATEIP = #{privateIp} AND AH_BROWSER = #{browser}
   
    </select> 
     
    
     <select id = "selMemberInfo" resultType = "one.user.bean.UserBean"  parameterType = "one.user.bean.AccessInfo" >
    SELECT MS_USERID AS UCODE, MS_USERNAME AS UNAME, MS_USERMAIL AS UMAIL, MS_STICKERPATH AS STICKERPATH FROM MS WHERE MS_USERID = #{uCode}
    </select>
    
     <!--
    <select id = "logOutCheck" resultType = "int" parameterType = "one.user.bean.AccessInfo" >
     SELECT SUM(AH_METHOD) FROM AH WHERE AH_MBID = #{uCode} AND AH_BROWSER = #{browser} 
    </select>  
    
    
    <select id = "browserLogout" resultType = "string" parameterType = "one.user.bean.AccessInfo" >
     SELECT AH_BROWSER FROM AH
     WHERE AH_DATE = (SELECT MAX(AH_DATE) FROM AH WHERE AH_MBID = #{uCode})
    </select> 
    
    
    
      <select id = "selAhMinus" resultType = "int" parameterType = "one.user.bean.AccessInfo" >
     SELECT COUNT(*) FROM AH WHERE AH_MBID = #{uCode} AND AH_PUBLICIP = #{publicIp} AND AH_PRIVATEIP = #{privateIp} AND AH_METHOD = '-1'
    </select>
    
    
    <select id = "selAhPlus" resultType = "int" parameterType = "one.user.bean.AccessInfo">
     SELECT COUNT(*) FROM AH WHERE AH_MBID = #{uCode} AND AH_PUBLICIP = #{publicIp} AND AH_PRIVATEIP = #{privateIp} AND AH_METHOD = '1'
    </select>  -->
    
    
    <insert id = "insAccessHistory" parameterType = "one.user.bean.AccessInfo">
    INSERT INTO AH(AH_MBID, AH_DATE, AH_METHOD, AH_PUBLICIP, AH_PRIVATEIP, AH_BROWSER) VALUES (#{uCode}, SYSDATE , #{method} ,#{publicIp},#{privateIp},#{browser})
    </insert>
    
    <insert id = "insMembers" parameterType = "one.user.bean.UserBean">
    INSERT INTO MS(MS_USERID, MS_USERPASS, MS_USERNAME, MS_USERPHONE, MS_USERMAIL, MS_STICKERPATH) VALUES (#{uCode},#{aCode},#{uName},#{uPhone},#{uMail},#{stickerPath})
    </insert>
    
    
    
    </mapper>