<?xml version="1.0" encoding="UTF-8"?>
<!DOCTYPE mapper
    PUBLIC "-//mybatis.org//DTD Mapper 3.0//EN"
    "http://mybatis.org/dtd/mybatis-3-mapper.dtd">

<mapper namespace="one.database.mapper.ShareInterface">

	<select id="getTeamList" parameterType="one.user.bean.TeamBean"
		resultType="one.user.bean.TeamBean">
		SELECT * FROM TEAMLISTVIEW WHERE MBID = #{mbId}
	</select>

	<select id="getMemberList"
		parameterType="one.user.bean.TDetails"
		resultType="one.user.bean.TDetails">
		SELECT *FROM MEMBERLISTVIEW WHERE TECODE = #{teCode}
	</select>

	<select id="countNum" resultType="int">
		SELECT TO_NUMBER(MAX(SUBSTR(TE_CODE, 7, 3 ))) FROM TE WHERE SUBSTR(TE_CODE,
		1, 6) = TO_CHAR(SYSDATE, 'YYMMDD')
	</select>

	<insert id="insTeam" parameterType="one.user.bean.TeamBean">
		INSERT INTO TE VALUES( TO_CHAR(SYSDATE, 'YYMMDD') || #{teCodeNum},
		#{teName})
	</insert>

	<insert id="insLeader" parameterType="one.user.bean.TeamBean">
		INSERT INTO TD VALUES(#{teCode}, #{mbId}, 'L')
	</insert>

	<select id="newOne" resultType="string">
		SELECT MAX(TE_CODE) FROM TE WHERE SUBSTR(TE_CODE,1,6) = TO_CHAR(SYSDATE,
		'YYMMDD')
	</select>

	<select id="frList" resultType="one.user.bean.TDetails"
		parameterType="one.user.bean.TDetails">

		SELECT MBID, MBNAME
		FROM REQFRIENDSVIEW
		WHERE FRID = #{mbId} AND FR_ACCEPT = 1
		UNION
		SELECT FRID, MBNAME
		FROM RECFRIENDSVIEW
		WHERE MBID = #{mbId} AND FR_ACCEPT = 1
	</select>

	<insert id="insMember" parameterType="one.user.bean.TeamBean">

		INSERT INTO TD VALUES(#{teCode}, #{mbId},'G')

	</insert>

	<select id="getMail" parameterType="one.user.bean.TDetails" resultType="string">

		SELECT MS_USERMAIL AS MAIL FROM MS WHERE MS_USERID = #{mbId}

	</select>
	
	<select id="getMail2" parameterType="one.user.bean.TDetails" resultType="string">

		SELECT MS_USERMAIL AS MAIL FROM MS WHERE MS_USERID = #{mbId2}

	</select>
	
	<!-- <select id = "word" parameterType = "one.user.bean.Search" resultType= "one.user.bean.TDetails">
	SELECT MS_USERID AS MBID, MS_USERNAME AS MBNAME , MS_USERMAIL AS MAIL FROM MS
    WHERE MS_USERNAME || MS_USERMAIL LIKE '%'||#{word}||'%' 
	
	</select>  -->
	
	<select id ="allMember" resultType = "one.user.bean.Search">
	   SELECT MS_USERID AS MBID , MS_USERNAME AS MBNAME, MS_USERMAIL AS MAIL FROM MS
	</select>
	
	 <insert id = "addFr" parameterType="one.user.bean.TDetails">
	   INSERT INTO FR VALUES(#{mbId}, #{mbId2}, '0')
	</insert>
	
	<select id ="selectfr">
   SELECT MS_USERID AS MBID, MS_USERMAIL AS MAIL, MS_USERNAME AS MBNAME
   FROM MS WHERE MS.MS_USERID NOT IN (SELECT RECEIVER FROM RECEIVER WHERE REQUEST='giseon1' AND ACCEPTION = '1' 
   UNION SELECT REQUEST FROM REQUEST WHERE RECEIVER='giseon1' AND ACCEPTION = '1') AND MS.MS_USERID != 'giseon1';
	</select>
	
	<update id="clickYes" parameterType = "one.user.bean.TDetails">
	UPDATE FR SET FR_ACCEPT = '1' WHERE FR_REQUEST = #{mbId} AND FR_RECIEVER = #{mbId2}

	</update>
	
	<delete id="clickNo" parameterType = "one.user.bean.TDetails">
	DELETE FROM FR WHERE FR_REQUEST = #{mbId} AND FR_RECIEVER = #{mbId2} AND FR_ACCEPT = '1'

	</delete>

     <insert id ="insAlbum" parameterType = "one.user.bean.ScheduleBean">
         INSERT INTO ALBUM VALUES(#{teCode}, SCH_SEQ.CURRVAL, #{stickerPath})
     </insert>  
     
     <select id ="selPhoto" parameterType = "one.user.bean.ScheduleBean" resultType = "one.user.bean.ScheduleBean">
     
     SELECT AL_PATH AS STICKERPATH FROM ALBUM WHERE AL_SDTECODE = #{teCode} AND AL_SDNUM = SCH_SEQ.NEXTVAL
     
     </select>
     
    <insert id = "schedule" parameterType = "one.user.bean.ScheduleBean" >
     INSERT INTO SD VALUES (#{teCode}, SCH_SEQ.NEXTVAL , #{mbId},#{title},#{date},#{location},#{contents},#{process},#{open},#{loop})
     </insert>  
     
     <select id = "selSchedule" parameterType = "one.user.bean.ScheduleBean" resultType = "one.user.bean.ScheduleBean">
     SELECT SD_TITLE AS "TITLE" , SD_LOCATION AS "LOCATION", SD_CONTENTS AS "CONTENTS"
FROM SD WHERE SD_MBID = #{mbId} AND TO_CHAR (SD_DATE, 'YYYYMM') = #{date} 
     </select>
     

</mapper>